ChurnProbability,TopRiskFactor,RetentionRecommendation
0.00021432113,ChurnBinary,Contact customer proactively
0.00069980015,ChurnBinary,Contact customer proactively
0.00018130933,ChurnBinary,Contact customer proactively
0.0005506177,ChurnBinary,Contact customer proactively
0.00015802041,ChurnBinary,Contact customer proactively
0.00047888665,ChurnBinary,Contact customer proactively
0.000465465,ChurnBinary,Contact customer proactively
0.0002473925,ChurnBinary,Contact customer proactively
0.00015802041,ChurnBinary,Contact customer proactively
0.99914,ChurnBinary,Contact customer proactively
0.0004227772,ChurnBinary,Contact customer proactively
0.0002075767,ChurnBinary,Contact customer proactively
0.00027320362,ChurnBinary,Contact customer proactively
0.99943405,ChurnBinary,Contact customer proactively
0.00027708863,ChurnBinary,Contact customer proactively
0.00016103535,ChurnBinary,Contact customer proactively
0.00015950973,ChurnBinary,Contact customer proactively
0.0006782535,ChurnBinary,Contact customer proactively
0.00027237914,ChurnBinary,Contact customer proactively
0.0001721428,ChurnBinary,Contact customer proactively
0.9994789,ChurnBinary,Contact customer proactively
0.000434529,ChurnBinary,Contact customer proactively
0.0001721428,ChurnBinary,Contact customer proactively
0.00017376519,ChurnBinary,Contact customer proactively
0.0003090771,ChurnBinary,Contact customer proactively
0.00029290025,ChurnBinary,Contact customer proactively
0.9992993,ChurnBinary,Contact customer proactively
0.9992415,ChurnBinary,Contact customer proactively
0.00016521425,ChurnBinary,Contact customer proactively
0.9994789,ChurnBinary,Contact customer proactively
0.00045142078,ChurnBinary,Contact customer proactively
0.00049081596,ChurnBinary,Contact customer proactively
0.0001721428,ChurnBinary,Contact customer proactively
0.00015802041,ChurnBinary,Contact customer proactively
0.9994789,ChurnBinary,Contact customer proactively
0.0003481476,ChurnBinary,Contact customer proactively
0.99922323,ChurnBinary,Contact customer proactively
0.00015802041,ChurnBinary,Contact customer proactively
0.999516,ChurnBinary,Contact customer proactively
0.99895775,ChurnBinary,Contact customer proactively
0.00015802041,ChurnBinary,Contact customer proactively
0.00072613836,ChurnBinary,Contact customer proactively
0.00041320224,ChurnBinary,Contact customer proactively
0.00034001272,ChurnBinary,Contact customer proactively
0.00022046105,ChurnBinary,Contact customer proactively
0.99944156,ChurnBinary,Contact customer proactively
0.00072613836,ChurnBinary,Contact customer proactively
0.00040541048,ChurnBinary,Contact customer proactively
0.0001721428,ChurnBinary,Contact customer proactively
0.998968,ChurnBinary,Contact customer proactively
0.00015802041,ChurnBinary,Contact customer proactively
0.9994715,ChurnBinary,Contact customer proactively
0.0003201954,ChurnBinary,Contact customer proactively
0.0004349494,ChurnBinary,Contact customer proactively
0.00049311685,ChurnBinary,Contact customer proactively
0.99945956,ChurnBinary,Contact customer proactively
0.0002163051,ChurnBinary,Contact customer proactively
0.00018626945,ChurnBinary,Contact customer proactively
0.0001721428,ChurnBinary,Contact customer proactively
0.00015802041,ChurnBinary,Contact customer proactively
0.00015802041,ChurnBinary,Contact customer proactively
0.9981883,ChurnBinary,Contact customer proactively
0.00021688396,ChurnBinary,Contact customer proactively
0.0002901907,ChurnBinary,Contact customer proactively
0.99918264,ChurnBinary,Contact customer proactively
0.9993001,ChurnBinary,Contact customer proactively
0.99905616,ChurnBinary,Contact customer proactively
0.9986285,ChurnBinary,Contact customer proactively
0.99817455,ChurnBinary,Contact customer proactively
0.999516,ChurnBinary,Contact customer proactively
0.00015802041,ChurnBinary,Contact customer proactively
0.00016521425,ChurnBinary,Contact customer proactively
0.99934536,ChurnBinary,Contact customer proactively
0.00021688396,ChurnBinary,Contact customer proactively
0.00018130933,ChurnBinary,Contact customer proactively
0.00017376519,ChurnBinary,Contact customer proactively
0.0002485382,ChurnBinary,Contact customer proactively
0.99916565,ChurnBinary,Contact customer proactively
0.00034872457,ChurnBinary,Contact customer proactively
0.00015802041,ChurnBinary,Contact customer proactively
0.00017376519,ChurnBinary,Contact customer proactively
0.00015802041,ChurnBinary,Contact customer proactively
0.99842095,ChurnBinary,Contact customer proactively
0.999516,ChurnBinary,Contact customer proactively
0.00017376519,ChurnBinary,Contact customer proactively
0.00047862472,ChurnBinary,Contact customer proactively
0.00070010836,ChurnBinary,Contact customer proactively
0.9992291,ChurnBinary,Contact customer proactively
0.99938023,ChurnBinary,Contact customer proactively
0.00023671876,ChurnBinary,Contact customer proactively
0.99919945,ChurnBinary,Contact customer proactively
0.0003838059,ChurnBinary,Contact customer proactively
0.00015802041,ChurnBinary,Contact customer proactively
0.99934536,ChurnBinary,Contact customer proactively
0.99925023,ChurnBinary,Contact customer proactively
0.00015802041,ChurnBinary,Contact customer proactively
0.0005779198,ChurnBinary,Contact customer proactively
0.00015802041,ChurnBinary,Contact customer proactively
0.9993498,ChurnBinary,Contact customer proactively
0.00032839915,ChurnBinary,Contact customer proactively
0.99944204,ChurnBinary,Contact customer proactively
0.9994562,ChurnBinary,Contact customer proactively
0.00045594544,ChurnBinary,Contact customer proactively
0.9991418,ChurnBinary,Contact customer proactively
0.99901867,ChurnBinary,Contact customer proactively
0.00015802041,ChurnBinary,Contact customer proactively
0.00024682024,ChurnBinary,Contact customer proactively
0.00017426015,ChurnBinary,Contact customer proactively
0.00024506229,ChurnBinary,Contact customer proactively
0.00031035888,ChurnBinary,Contact customer proactively
0.0001721428,ChurnBinary,Contact customer proactively
0.0006570165,ChurnBinary,Contact customer proactively
0.00029043402,ChurnBinary,Contact customer proactively
0.00051008334,ChurnBinary,Contact customer proactively
0.9993498,ChurnBinary,Contact customer proactively
0.00021331098,ChurnBinary,Contact customer proactively
0.99936897,ChurnBinary,Contact customer proactively
0.00043656383,ChurnBinary,Contact customer proactively
0.00021148672,ChurnBinary,Contact customer proactively
0.00015802041,ChurnBinary,Contact customer proactively
0.00020400056,ChurnBinary,Contact customer proactively
0.9994729,ChurnBinary,Contact customer proactively
0.00015802041,ChurnBinary,Contact customer proactively
0.00017426015,ChurnBinary,Contact customer proactively
0.999516,ChurnBinary,Contact customer proactively
0.00015802041,ChurnBinary,Contact customer proactively
0.99913114,ChurnBinary,Contact customer proactively
0.00036321438,ChurnBinary,Contact customer proactively
0.9993736,ChurnBinary,Contact customer proactively
0.0002605275,ChurnBinary,Contact customer proactively
0.9991109,ChurnBinary,Contact customer proactively
0.99880624,ChurnBinary,Contact customer proactively
0.00024948764,ChurnBinary,Contact customer proactively
0.00021739182,ChurnBinary,Contact customer proactively
0.00015802041,ChurnBinary,Contact customer proactively
0.00036549784,ChurnBinary,Contact customer proactively
0.00015950973,ChurnBinary,Contact customer proactively
0.00025726092,ChurnBinary,Contact customer proactively
0.00015802041,ChurnBinary,Contact customer proactively
0.99904746,ChurnBinary,Contact customer proactively
0.00023484231,ChurnBinary,Contact customer proactively
0.0002432579,ChurnBinary,Contact customer proactively
0.0006535455,ChurnBinary,Contact customer proactively
0.00017426015,ChurnBinary,Contact customer proactively
0.0001721428,ChurnBinary,Contact customer proactively
0.00024343842,ChurnBinary,Contact customer proactively
0.00031035888,ChurnBinary,Contact customer proactively
0.99908686,ChurnBinary,Contact customer proactively
0.00043253723,ChurnBinary,Contact customer proactively
0.00043079603,ChurnBinary,Contact customer proactively
0.00015802041,ChurnBinary,Contact customer proactively
0.0006495982,ChurnBinary,Contact customer proactively
0.00020420334,ChurnBinary,Contact customer proactively
0.0004072275,ChurnBinary,Contact customer proactively
0.9994789,ChurnBinary,Contact customer proactively
0.00045205338,ChurnBinary,Contact customer proactively
0.0006570165,ChurnBinary,Contact customer proactively
0.9992399,ChurnBinary,Contact customer proactively
0.9993037,ChurnBinary,Contact customer proactively
0.999124,ChurnBinary,Contact customer proactively
0.00022911883,ChurnBinary,Contact customer proactively
0.00018104812,ChurnBinary,Contact customer proactively
0.00015802041,ChurnBinary,Contact customer proactively
0.00015802041,ChurnBinary,Contact customer proactively
0.00021293627,ChurnBinary,Contact customer proactively
0.9988986,ChurnBinary,Contact customer proactively
0.00017926916,ChurnBinary,Contact customer proactively
0.99876094,ChurnBinary,Contact customer proactively
0.00024416577,ChurnBinary,Contact customer proactively
0.00015802041,ChurnBinary,Contact customer proactively
0.00043457147,ChurnBinary,Contact customer proactively
0.999516,ChurnBinary,Contact customer proactively
0.0002560565,ChurnBinary,Contact customer proactively
0.99903,ChurnBinary,Contact customer proactively
0.00059927936,ChurnBinary,Contact customer proactively
0.0005623823,ChurnBinary,Contact customer proactively
0.00015802041,ChurnBinary,Contact customer proactively
0.00015802041,ChurnBinary,Contact customer proactively
0.00038575826,ChurnBinary,Contact customer proactively
0.00025726092,ChurnBinary,Contact customer proactively
0.99941146,ChurnBinary,Contact customer proactively
0.00017709112,ChurnBinary,Contact customer proactively
0.9994789,ChurnBinary,Contact customer proactively
0.99917066,ChurnBinary,Contact customer proactively
0.00015802041,ChurnBinary,Contact customer proactively
0.00032961243,ChurnBinary,Contact customer proactively
0.00025726092,ChurnBinary,Contact customer proactively
0.9992442,ChurnBinary,Contact customer proactively
0.000225748,ChurnBinary,Contact customer proactively
0.00015802041,ChurnBinary,Contact customer proactively
0.00032250874,ChurnBinary,Contact customer proactively
0.0005328442,ChurnBinary,Contact customer proactively
0.9993943,ChurnBinary,Contact customer proactively
0.00015802041,ChurnBinary,Contact customer proactively
0.00045905708,ChurnBinary,Contact customer proactively
0.0004551354,ChurnBinary,Contact customer proactively
0.0003847562,ChurnBinary,Contact customer proactively
0.00021316764,ChurnBinary,Contact customer proactively
0.0004840576,ChurnBinary,Contact customer proactively
0.0004326187,ChurnBinary,Contact customer proactively
0.00038418898,ChurnBinary,Contact customer proactively
0.00015802041,ChurnBinary,Contact customer proactively
0.00017376519,ChurnBinary,Contact customer proactively
0.00023994433,ChurnBinary,Contact customer proactively
0.00032839915,ChurnBinary,Contact customer proactively
0.00018450253,ChurnBinary,Contact customer proactively
0.00025726092,ChurnBinary,Contact customer proactively
0.00034335125,ChurnBinary,Contact customer proactively
0.00041420694,ChurnBinary,Contact customer proactively
0.00015802041,ChurnBinary,Contact customer proactively
0.9985763,ChurnBinary,Contact customer proactively
0.0004796327,ChurnBinary,Contact customer proactively
0.9989023,ChurnBinary,Contact customer proactively
0.00015950973,ChurnBinary,Contact customer proactively
0.00017738654,ChurnBinary,Contact customer proactively
0.00029412116,ChurnBinary,Contact customer proactively
0.00015802041,ChurnBinary,Contact customer proactively
0.00056269084,ChurnBinary,Contact customer proactively
0.99935,ChurnBinary,Contact customer proactively
0.9985489,ChurnBinary,Contact customer proactively
0.0002326247,ChurnBinary,Contact customer proactively
0.00021739182,ChurnBinary,Contact customer proactively
0.00031683146,ChurnBinary,Contact customer proactively
0.00023882095,ChurnBinary,Contact customer proactively
0.0006047218,ChurnBinary,Contact customer proactively
0.0002401004,ChurnBinary,Contact customer proactively
0.00015802041,ChurnBinary,Contact customer proactively
0.00026175298,ChurnBinary,Contact customer proactively
0.9993954,ChurnBinary,Contact customer proactively
0.00072613836,ChurnBinary,Contact customer proactively
0.00026500938,ChurnBinary,Contact customer proactively
0.99935716,ChurnBinary,Contact customer proactively
0.00046366733,ChurnBinary,Contact customer proactively
0.00015802041,ChurnBinary,Contact customer proactively
0.999516,ChurnBinary,Contact customer proactively
0.9994789,ChurnBinary,Contact customer proactively
0.99918383,ChurnBinary,Contact customer proactively
0.00042860844,ChurnBinary,Contact customer proactively
0.00021739182,ChurnBinary,Contact customer proactively
0.0004916574,ChurnBinary,Contact customer proactively
0.99934894,ChurnBinary,Contact customer proactively
0.99937797,ChurnBinary,Contact customer proactively
0.00016103535,ChurnBinary,Contact customer proactively
0.00023484231,ChurnBinary,Contact customer proactively
0.9991967,ChurnBinary,Contact customer proactively
0.9990736,ChurnBinary,Contact customer proactively
0.99945074,ChurnBinary,Contact customer proactively
0.00017376519,ChurnBinary,Contact customer proactively
0.00015950973,ChurnBinary,Contact customer proactively
0.0004804495,ChurnBinary,Contact customer proactively
0.0001721428,ChurnBinary,Contact customer proactively
0.00025833896,ChurnBinary,Contact customer proactively
0.00030427516,ChurnBinary,Contact customer proactively
0.00018505186,ChurnBinary,Contact customer proactively
0.9991535,ChurnBinary,Contact customer proactively
0.00015802041,ChurnBinary,Contact customer proactively
0.00017376519,ChurnBinary,Contact customer proactively
0.0004464049,ChurnBinary,Contact customer proactively
0.00026599027,ChurnBinary,Contact customer proactively
0.00039721103,ChurnBinary,Contact customer proactively
0.0004596874,ChurnBinary,Contact customer proactively
0.00025371165,ChurnBinary,Contact customer proactively
0.00015802041,ChurnBinary,Contact customer proactively
0.00033331214,ChurnBinary,Contact customer proactively
0.9994729,ChurnBinary,Contact customer proactively
0.9988176,ChurnBinary,Contact customer proactively
0.9994173,ChurnBinary,Contact customer proactively
0.00017738654,ChurnBinary,Contact customer proactively
0.00045125256,ChurnBinary,Contact customer proactively
0.0006084907,ChurnBinary,Contact customer proactively
0.00054675154,ChurnBinary,Contact customer proactively
0.00015802041,ChurnBinary,Contact customer proactively
0.0004871487,ChurnBinary,Contact customer proactively
0.00024078379,ChurnBinary,Contact customer proactively
0.00021189748,ChurnBinary,Contact customer proactively
0.00070010836,ChurnBinary,Contact customer proactively
0.99950564,ChurnBinary,Contact customer proactively
0.0005400095,ChurnBinary,Contact customer proactively
0.999516,ChurnBinary,Contact customer proactively
0.0002605275,ChurnBinary,Contact customer proactively
0.0004640956,ChurnBinary,Contact customer proactively
0.00025833896,ChurnBinary,Contact customer proactively
0.0005587502,ChurnBinary,Contact customer proactively
0.00017376519,ChurnBinary,Contact customer proactively
0.0004521441,ChurnBinary,Contact customer proactively
0.9994498,ChurnBinary,Contact customer proactively
0.9986965,ChurnBinary,Contact customer proactively
0.00019931326,ChurnBinary,Contact customer proactively
0.99935,ChurnBinary,Contact customer proactively
0.0001721428,ChurnBinary,Contact customer proactively
0.00043073384,ChurnBinary,Contact customer proactively
0.00024682752,ChurnBinary,Contact customer proactively
0.0002075767,ChurnBinary,Contact customer proactively
0.0002579474,ChurnBinary,Contact customer proactively
0.00021456403,ChurnBinary,Contact customer proactively
0.00033020813,ChurnBinary,Contact customer proactively
0.00046591894,ChurnBinary,Contact customer proactively
0.998536,ChurnBinary,Contact customer proactively
0.0001721428,ChurnBinary,Contact customer proactively
0.00018504074,ChurnBinary,Contact customer proactively
0.00015802041,ChurnBinary,Contact customer proactively
0.9991418,ChurnBinary,Contact customer proactively
0.0006493655,ChurnBinary,Contact customer proactively
0.00017738654,ChurnBinary,Contact customer proactively
0.99946505,ChurnBinary,Contact customer proactively
0.00027637256,ChurnBinary,Contact customer proactively
0.00021179185,ChurnBinary,Contact customer proactively
0.00025171496,ChurnBinary,Contact customer proactively
0.00031391918,ChurnBinary,Contact customer proactively
0.00025712946,ChurnBinary,Contact customer proactively
0.00072800077,ChurnBinary,Contact customer proactively
0.0006493655,ChurnBinary,Contact customer proactively
0.00015802041,ChurnBinary,Contact customer proactively
0.00021175951,ChurnBinary,Contact customer proactively
0.00020734109,ChurnBinary,Contact customer proactively
0.0001721428,ChurnBinary,Contact customer proactively
0.00021652608,ChurnBinary,Contact customer proactively
0.00017987049,ChurnBinary,Contact customer proactively
0.9991412,ChurnBinary,Contact customer proactively
0.9994789,ChurnBinary,Contact customer proactively
0.00051931106,ChurnBinary,Contact customer proactively
0.0006559429,ChurnBinary,Contact customer proactively
0.9992461,ChurnBinary,Contact customer proactively
0.00025833896,ChurnBinary,Contact customer proactively
0.0003890147,ChurnBinary,Contact customer proactively
0.00015802041,ChurnBinary,Contact customer proactively
0.9983821,ChurnBinary,Contact customer proactively
0.0006056349,ChurnBinary,Contact customer proactively
0.00017758504,ChurnBinary,Contact customer proactively
0.00015802041,ChurnBinary,Contact customer proactively
0.000425583,ChurnBinary,Contact customer proactively
0.9986047,ChurnBinary,Contact customer proactively
0.00016103535,ChurnBinary,Contact customer proactively
0.00017926916,ChurnBinary,Contact customer proactively
0.00015802041,ChurnBinary,Contact customer proactively
0.00015802041,ChurnBinary,Contact customer proactively
0.999371,ChurnBinary,Contact customer proactively
0.00025726092,ChurnBinary,Contact customer proactively
0.00015802041,ChurnBinary,Contact customer proactively
0.0001721428,ChurnBinary,Contact customer proactively
0.00015802041,ChurnBinary,Contact customer proactively
0.99951303,ChurnBinary,Contact customer proactively
0.00036666155,ChurnBinary,Contact customer proactively
0.9991346,ChurnBinary,Contact customer proactively
0.999516,ChurnBinary,Contact customer proactively
0.99814963,ChurnBinary,Contact customer proactively
0.00015802041,ChurnBinary,Contact customer proactively
0.9993799,ChurnBinary,Contact customer proactively
0.00025944007,ChurnBinary,Contact customer proactively
0.9992099,ChurnBinary,Contact customer proactively
0.00021378783,ChurnBinary,Contact customer proactively
0.99816763,ChurnBinary,Contact customer proactively
0.0002818486,ChurnBinary,Contact customer proactively
0.0002901907,ChurnBinary,Contact customer proactively
0.00015802041,ChurnBinary,Contact customer proactively
0.0002810128,ChurnBinary,Contact customer proactively
0.00026674604,ChurnBinary,Contact customer proactively
0.00054455263,ChurnBinary,Contact customer proactively
0.0002548521,ChurnBinary,Contact customer proactively
0.999491,ChurnBinary,Contact customer proactively
0.9993781,ChurnBinary,Contact customer proactively
0.00015950973,ChurnBinary,Contact customer proactively
0.00024772697,ChurnBinary,Contact customer proactively
0.0003815237,ChurnBinary,Contact customer proactively
0.00034403338,ChurnBinary,Contact customer proactively
0.99859506,ChurnBinary,Contact customer proactively
0.00028883218,ChurnBinary,Contact customer proactively
0.00017926916,ChurnBinary,Contact customer proactively
0.0001721428,ChurnBinary,Contact customer proactively
0.00066272396,ChurnBinary,Contact customer proactively
0.9994616,ChurnBinary,Contact customer proactively
0.00047441677,ChurnBinary,Contact customer proactively
0.0005220591,ChurnBinary,Contact customer proactively
0.00039670602,ChurnBinary,Contact customer proactively
0.9982095,ChurnBinary,Contact customer proactively
0.00021762843,ChurnBinary,Contact customer proactively
0.00017926916,ChurnBinary,Contact customer proactively
0.00057450467,ChurnBinary,Contact customer proactively
0.9985261,ChurnBinary,Contact customer proactively
0.00017376519,ChurnBinary,Contact customer proactively
0.0002735568,ChurnBinary,Contact customer proactively
0.00043073384,ChurnBinary,Contact customer proactively
0.00015950973,ChurnBinary,Contact customer proactively
0.0006899123,ChurnBinary,Contact customer proactively
0.9986965,ChurnBinary,Contact customer proactively
0.0002901907,ChurnBinary,Contact customer proactively
0.9992933,ChurnBinary,Contact customer proactively
0.9994789,ChurnBinary,Contact customer proactively
0.0001721428,ChurnBinary,Contact customer proactively
0.9992105,ChurnBinary,Contact customer proactively
0.0001721428,ChurnBinary,Contact customer proactively
0.00016103535,ChurnBinary,Contact customer proactively
0.0005843093,ChurnBinary,Contact customer proactively
0.0001721428,ChurnBinary,Contact customer proactively
0.0002915254,ChurnBinary,Contact customer proactively
0.00024311508,ChurnBinary,Contact customer proactively
0.00015802041,ChurnBinary,Contact customer proactively
0.00023308028,ChurnBinary,Contact customer proactively
0.00015802041,ChurnBinary,Contact customer proactively
0.9993037,ChurnBinary,Contact customer proactively
0.00021432113,ChurnBinary,Contact customer proactively
0.00040310746,ChurnBinary,Contact customer proactively
0.00042023597,ChurnBinary,Contact customer proactively
0.00025796116,ChurnBinary,Contact customer proactively
0.00015802041,ChurnBinary,Contact customer proactively
0.00042036676,ChurnBinary,Contact customer proactively
0.9982145,ChurnBinary,Contact customer proactively
0.0004125414,ChurnBinary,Contact customer proactively
0.9993954,ChurnBinary,Contact customer proactively
0.0001721428,ChurnBinary,Contact customer proactively
0.9991628,ChurnBinary,Contact customer proactively
0.9993531,ChurnBinary,Contact customer proactively
0.9994204,ChurnBinary,Contact customer proactively
0.9992735,ChurnBinary,Contact customer proactively
0.00018268962,ChurnBinary,Contact customer proactively
0.0003097104,ChurnBinary,Contact customer proactively
0.00043073384,ChurnBinary,Contact customer proactively
0.99949694,ChurnBinary,Contact customer proactively
0.9982377,ChurnBinary,Contact customer proactively
0.9988181,ChurnBinary,Contact customer proactively
0.00020734109,ChurnBinary,Contact customer proactively
0.0001807711,ChurnBinary,Contact customer proactively
0.00044277526,ChurnBinary,Contact customer proactively
0.9991418,ChurnBinary,Contact customer proactively
0.0001721428,ChurnBinary,Contact customer proactively
0.00043643924,ChurnBinary,Contact customer proactively
0.0007027669,ChurnBinary,Contact customer proactively
0.00068163505,ChurnBinary,Contact customer proactively
0.00015802041,ChurnBinary,Contact customer proactively
0.00015802041,ChurnBinary,Contact customer proactively
0.00015950973,ChurnBinary,Contact customer proactively
0.00034959987,ChurnBinary,Contact customer proactively
0.00025407207,ChurnBinary,Contact customer proactively
0.00025228725,ChurnBinary,Contact customer proactively
0.00027320362,ChurnBinary,Contact customer proactively
0.9994729,ChurnBinary,Contact customer proactively
0.00021058026,ChurnBinary,Contact customer proactively
0.00015802041,ChurnBinary,Contact customer proactively
0.0003459553,ChurnBinary,Contact customer proactively
0.00039786779,ChurnBinary,Contact customer proactively
0.0003012237,ChurnBinary,Contact customer proactively
0.99916565,ChurnBinary,Contact customer proactively
0.00022046105,ChurnBinary,Contact customer proactively
0.00028880822,ChurnBinary,Contact customer proactively
0.9988651,ChurnBinary,Contact customer proactively
0.0002967256,ChurnBinary,Contact customer proactively
0.00015802041,ChurnBinary,Contact customer proactively
0.0002018856,ChurnBinary,Contact customer proactively
0.0004114037,ChurnBinary,Contact customer proactively
0.0006689417,ChurnBinary,Contact customer proactively
0.00053873303,ChurnBinary,Contact customer proactively
0.00031043732,ChurnBinary,Contact customer proactively
0.00027054647,ChurnBinary,Contact customer proactively
0.00032653695,ChurnBinary,Contact customer proactively
0.0007522108,ChurnBinary,Contact customer proactively
0.00015802041,ChurnBinary,Contact customer proactively
0.9991178,ChurnBinary,Contact customer proactively
0.00015802041,ChurnBinary,Contact customer proactively
0.00015802041,ChurnBinary,Contact customer proactively
0.9985343,ChurnBinary,Contact customer proactively
0.00015802041,ChurnBinary,Contact customer proactively
0.9988457,ChurnBinary,Contact customer proactively
0.00031940543,ChurnBinary,Contact customer proactively
0.0002005849,ChurnBinary,Contact customer proactively
0.00015802041,ChurnBinary,Contact customer proactively
0.00020067346,ChurnBinary,Contact customer proactively
0.00017926916,ChurnBinary,Contact customer proactively
0.00029242702,ChurnBinary,Contact customer proactively
0.00025833896,ChurnBinary,Contact customer proactively
0.00016103535,ChurnBinary,Contact customer proactively
0.9987206,ChurnBinary,Contact customer proactively
0.00031642546,ChurnBinary,Contact customer proactively
0.00017758504,ChurnBinary,Contact customer proactively
0.0002444003,ChurnBinary,Contact customer proactively
0.00022046105,ChurnBinary,Contact customer proactively
0.00015802041,ChurnBinary,Contact customer proactively
0.00037890044,ChurnBinary,Contact customer proactively
0.00043140588,ChurnBinary,Contact customer proactively
0.9993243,ChurnBinary,Contact customer proactively
0.9993087,ChurnBinary,Contact customer proactively
0.00072613836,ChurnBinary,Contact customer proactively
0.00047584932,ChurnBinary,Contact customer proactively
0.00015802041,ChurnBinary,Contact customer proactively
0.9991455,ChurnBinary,Contact customer proactively
0.0007165782,ChurnBinary,Contact customer proactively
0.00015802041,ChurnBinary,Contact customer proactively
0.00015802041,ChurnBinary,Contact customer proactively
0.00017376519,ChurnBinary,Contact customer proactively
0.9994789,ChurnBinary,Contact customer proactively
0.0003457931,ChurnBinary,Contact customer proactively
0.0005409584,ChurnBinary,Contact customer proactively
0.0006958194,ChurnBinary,Contact customer proactively
0.000264825,ChurnBinary,Contact customer proactively
0.00057157985,ChurnBinary,Contact customer proactively
0.00015802041,ChurnBinary,Contact customer proactively
0.0007027669,ChurnBinary,Contact customer proactively
0.00029657315,ChurnBinary,Contact customer proactively
0.99899274,ChurnBinary,Contact customer proactively
0.0001721428,ChurnBinary,Contact customer proactively
0.00051371305,ChurnBinary,Contact customer proactively
0.00015802041,ChurnBinary,Contact customer proactively
0.00043907107,ChurnBinary,Contact customer proactively
0.00066326954,ChurnBinary,Contact customer proactively
0.00015802041,ChurnBinary,Contact customer proactively
0.0002186703,ChurnBinary,Contact customer proactively
0.00015802041,ChurnBinary,Contact customer proactively
0.00033185678,ChurnBinary,Contact customer proactively
0.00015802041,ChurnBinary,Contact customer proactively
0.9992111,ChurnBinary,Contact customer proactively
0.00015802041,ChurnBinary,Contact customer proactively
0.99949694,ChurnBinary,Contact customer proactively
0.99883574,ChurnBinary,Contact customer proactively
0.00026280273,ChurnBinary,Contact customer proactively
0.00019756574,ChurnBinary,Contact customer proactively
0.999313,ChurnBinary,Contact customer proactively
0.00021094157,ChurnBinary,Contact customer proactively
0.00018130933,ChurnBinary,Contact customer proactively
0.00030543542,ChurnBinary,Contact customer proactively
0.00044402553,ChurnBinary,Contact customer proactively
0.00027747406,ChurnBinary,Contact customer proactively
0.00023994433,ChurnBinary,Contact customer proactively
0.00025084885,ChurnBinary,Contact customer proactively
0.00032163947,ChurnBinary,Contact customer proactively
0.9993794,ChurnBinary,Contact customer proactively
0.99873716,ChurnBinary,Contact customer proactively
0.9991124,ChurnBinary,Contact customer proactively
0.00028235046,ChurnBinary,Contact customer proactively
0.00041627814,ChurnBinary,Contact customer proactively
0.00029402555,ChurnBinary,Contact customer proactively
0.00015802041,ChurnBinary,Contact customer proactively
0.0005671073,ChurnBinary,Contact customer proactively
0.0002117654,ChurnBinary,Contact customer proactively
0.00033284916,ChurnBinary,Contact customer proactively
0.9994803,ChurnBinary,Contact customer proactively
0.9977824,ChurnBinary,Contact customer proactively
0.00032756868,ChurnBinary,Contact customer proactively
0.00029905757,ChurnBinary,Contact customer proactively
0.00015802041,ChurnBinary,Contact customer proactively
0.9994325,ChurnBinary,Contact customer proactively
0.9988424,ChurnBinary,Contact customer proactively
0.99897385,ChurnBinary,Contact customer proactively
0.00022021441,ChurnBinary,Contact customer proactively
0.9994729,ChurnBinary,Contact customer proactively
0.0002979323,ChurnBinary,Contact customer proactively
0.99933016,ChurnBinary,Contact customer proactively
0.00033331214,ChurnBinary,Contact customer proactively
0.00017738654,ChurnBinary,Contact customer proactively
0.00020494984,ChurnBinary,Contact customer proactively
0.0005642306,ChurnBinary,Contact customer proactively
0.00015802041,ChurnBinary,Contact customer proactively
0.9985291,ChurnBinary,Contact customer proactively
0.0001721428,ChurnBinary,Contact customer proactively
0.000494328,ChurnBinary,Contact customer proactively
0.00031337704,ChurnBinary,Contact customer proactively
0.00015802041,ChurnBinary,Contact customer proactively
0.0007216907,ChurnBinary,Contact customer proactively
0.99945015,ChurnBinary,Contact customer proactively
0.9993425,ChurnBinary,Contact customer proactively
0.0002521764,ChurnBinary,Contact customer proactively
0.00048129816,ChurnBinary,Contact customer proactively
0.00029796528,ChurnBinary,Contact customer proactively
0.9991007,ChurnBinary,Contact customer proactively
0.9989404,ChurnBinary,Contact customer proactively
0.00022035892,ChurnBinary,Contact customer proactively
0.00022035892,ChurnBinary,Contact customer proactively
0.00044722206,ChurnBinary,Contact customer proactively
0.9992968,ChurnBinary,Contact customer proactively
0.99936897,ChurnBinary,Contact customer proactively
0.9994286,ChurnBinary,Contact customer proactively
0.99933124,ChurnBinary,Contact customer proactively
0.00015802041,ChurnBinary,Contact customer proactively
0.0005279902,ChurnBinary,Contact customer proactively
0.9994241,ChurnBinary,Contact customer proactively
0.9993445,ChurnBinary,Contact customer proactively
0.00015802041,ChurnBinary,Contact customer proactively
0.9990865,ChurnBinary,Contact customer proactively
0.00044311935,ChurnBinary,Contact customer proactively
0.00037735578,ChurnBinary,Contact customer proactively
0.00015802041,ChurnBinary,Contact customer proactively
0.00017426015,ChurnBinary,Contact customer proactively
0.00015802041,ChurnBinary,Contact customer proactively
0.0005222116,ChurnBinary,Contact customer proactively
0.00015802041,ChurnBinary,Contact customer proactively
0.00015802041,ChurnBinary,Contact customer proactively
0.00017426015,ChurnBinary,Contact customer proactively
0.00015802041,ChurnBinary,Contact customer proactively
0.9994789,ChurnBinary,Contact customer proactively
0.00031766322,ChurnBinary,Contact customer proactively
0.00017376519,ChurnBinary,Contact customer proactively
0.9990767,ChurnBinary,Contact customer proactively
0.0003805896,ChurnBinary,Contact customer proactively
0.0004950216,ChurnBinary,Contact customer proactively
0.00029884436,ChurnBinary,Contact customer proactively
0.9993925,ChurnBinary,Contact customer proactively
0.999516,ChurnBinary,Contact customer proactively
0.00025093378,ChurnBinary,Contact customer proactively
0.00015802041,ChurnBinary,Contact customer proactively
0.0001721428,ChurnBinary,Contact customer proactively
0.9991032,ChurnBinary,Contact customer proactively
0.00017376519,ChurnBinary,Contact customer proactively
0.00025833896,ChurnBinary,Contact customer proactively
0.99925727,ChurnBinary,Contact customer proactively
0.00015802041,ChurnBinary,Contact customer proactively
0.99930155,ChurnBinary,Contact customer proactively
0.00070183526,ChurnBinary,Contact customer proactively
0.00017376519,ChurnBinary,Contact customer proactively
0.99852294,ChurnBinary,Contact customer proactively
0.9990959,ChurnBinary,Contact customer proactively
0.00025712946,ChurnBinary,Contact customer proactively
0.0001721428,ChurnBinary,Contact customer proactively
0.00015802041,ChurnBinary,Contact customer proactively
0.0003367776,ChurnBinary,Contact customer proactively
0.00025177663,ChurnBinary,Contact customer proactively
0.99887425,ChurnBinary,Contact customer proactively
0.00025726092,ChurnBinary,Contact customer proactively
0.00027276794,ChurnBinary,Contact customer proactively
0.00015802041,ChurnBinary,Contact customer proactively
0.00015802041,ChurnBinary,Contact customer proactively
0.999516,ChurnBinary,Contact customer proactively
0.9990965,ChurnBinary,Contact customer proactively
0.00023994433,ChurnBinary,Contact customer proactively
0.99949694,ChurnBinary,Contact customer proactively
0.99926335,ChurnBinary,Contact customer proactively
0.00015802041,ChurnBinary,Contact customer proactively
0.00015802041,ChurnBinary,Contact customer proactively
0.9987949,ChurnBinary,Contact customer proactively
0.00015802041,ChurnBinary,Contact customer proactively
0.99949694,ChurnBinary,Contact customer proactively
0.9991961,ChurnBinary,Contact customer proactively
0.00077697204,ChurnBinary,Contact customer proactively
0.99949694,ChurnBinary,Contact customer proactively
0.00025944007,ChurnBinary,Contact customer proactively
0.9991634,ChurnBinary,Contact customer proactively
0.00020870232,ChurnBinary,Contact customer proactively
0.000541742,ChurnBinary,Contact customer proactively
0.00029461258,ChurnBinary,Contact customer proactively
0.0002117654,ChurnBinary,Contact customer proactively
0.00018173891,ChurnBinary,Contact customer proactively
0.9989567,ChurnBinary,Contact customer proactively
0.00033496608,ChurnBinary,Contact customer proactively
0.00015802041,ChurnBinary,Contact customer proactively
0.0006265691,ChurnBinary,Contact customer proactively
0.00021432113,ChurnBinary,Contact customer proactively
0.00020588606,ChurnBinary,Contact customer proactively
0.00015802041,ChurnBinary,Contact customer proactively
0.00038458765,ChurnBinary,Contact customer proactively
0.00030280073,ChurnBinary,Contact customer proactively
0.99949694,ChurnBinary,Contact customer proactively
0.9994729,ChurnBinary,Contact customer proactively
0.9988481,ChurnBinary,Contact customer proactively
0.99872214,ChurnBinary,Contact customer proactively
0.0003727633,ChurnBinary,Contact customer proactively
0.9981754,ChurnBinary,Contact customer proactively
0.9994055,ChurnBinary,Contact customer proactively
0.9994789,ChurnBinary,Contact customer proactively
0.00015802041,ChurnBinary,Contact customer proactively
0.00023481948,ChurnBinary,Contact customer proactively
0.00033496608,ChurnBinary,Contact customer proactively
0.00043593213,ChurnBinary,Contact customer proactively
0.00015802041,ChurnBinary,Contact customer proactively
0.0003525826,ChurnBinary,Contact customer proactively
0.00024531427,ChurnBinary,Contact customer proactively
0.00015802041,ChurnBinary,Contact customer proactively
0.00072613836,ChurnBinary,Contact customer proactively
0.00015802041,ChurnBinary,Contact customer proactively
0.00024286509,ChurnBinary,Contact customer proactively
0.00041126803,ChurnBinary,Contact customer proactively
0.00021667457,ChurnBinary,Contact customer proactively
0.00044898278,ChurnBinary,Contact customer proactively
0.0002768362,ChurnBinary,Contact customer proactively
0.00052163156,ChurnBinary,Contact customer proactively
0.0002585016,ChurnBinary,Contact customer proactively
0.00025833896,ChurnBinary,Contact customer proactively
0.00024673718,ChurnBinary,Contact customer proactively
0.9993031,ChurnBinary,Contact customer proactively
0.00017426015,ChurnBinary,Contact customer proactively
0.0001721428,ChurnBinary,Contact customer proactively
0.9987135,ChurnBinary,Contact customer proactively
0.9993228,ChurnBinary,Contact customer proactively
0.99873024,ChurnBinary,Contact customer proactively
0.00015802041,ChurnBinary,Contact customer proactively
0.00025726092,ChurnBinary,Contact customer proactively
0.00023310384,ChurnBinary,Contact customer proactively
0.00028983626,ChurnBinary,Contact customer proactively
0.0006559251,ChurnBinary,Contact customer proactively
0.999448,ChurnBinary,Contact customer proactively
0.00035683333,ChurnBinary,Contact customer proactively
0.99760854,ChurnBinary,Contact customer proactively
0.00040183522,ChurnBinary,Contact customer proactively
0.0004798211,ChurnBinary,Contact customer proactively
0.00024866973,ChurnBinary,Contact customer proactively
0.00021266397,ChurnBinary,Contact customer proactively
0.00024531427,ChurnBinary,Contact customer proactively
0.9994789,ChurnBinary,Contact customer proactively
0.00015802041,ChurnBinary,Contact customer proactively
0.9985781,ChurnBinary,Contact customer proactively
0.00017738654,ChurnBinary,Contact customer proactively
0.00025833896,ChurnBinary,Contact customer proactively
0.00015950973,ChurnBinary,Contact customer proactively
0.00054431596,ChurnBinary,Contact customer proactively
0.0005789139,ChurnBinary,Contact customer proactively
0.00021415853,ChurnBinary,Contact customer proactively
0.00017426015,ChurnBinary,Contact customer proactively
0.00015802041,ChurnBinary,Contact customer proactively
0.00023101959,ChurnBinary,Contact customer proactively
0.00015802041,ChurnBinary,Contact customer proactively
0.00028082798,ChurnBinary,Contact customer proactively
0.99932575,ChurnBinary,Contact customer proactively
0.00015802041,ChurnBinary,Contact customer proactively
0.00015802041,ChurnBinary,Contact customer proactively
0.9994729,ChurnBinary,Contact customer proactively
0.00072613836,ChurnBinary,Contact customer proactively
0.00049081596,ChurnBinary,Contact customer proactively
0.9994862,ChurnBinary,Contact customer proactively
0.9990988,ChurnBinary,Contact customer proactively
0.0002560565,ChurnBinary,Contact customer proactively
0.00027405095,ChurnBinary,Contact customer proactively
0.9987715,ChurnBinary,Contact customer proactively
0.0006041117,ChurnBinary,Contact customer proactively
0.0002485562,ChurnBinary,Contact customer proactively
0.00015802041,ChurnBinary,Contact customer proactively
0.00015802041,ChurnBinary,Contact customer proactively
0.00025712946,ChurnBinary,Contact customer proactively
0.0006333964,ChurnBinary,Contact customer proactively
0.00017738654,ChurnBinary,Contact customer proactively
0.00025064254,ChurnBinary,Contact customer proactively
0.0005773344,ChurnBinary,Contact customer proactively
0.00017426015,ChurnBinary,Contact customer proactively
0.9994789,ChurnBinary,Contact customer proactively
0.99920386,ChurnBinary,Contact customer proactively
0.00027637256,ChurnBinary,Contact customer proactively
0.9990428,ChurnBinary,Contact customer proactively
0.00015802041,ChurnBinary,Contact customer proactively
0.00078176084,ChurnBinary,Contact customer proactively
0.0005699745,ChurnBinary,Contact customer proactively
0.99929273,ChurnBinary,Contact customer proactively
0.00017926916,ChurnBinary,Contact customer proactively
0.00027405095,ChurnBinary,Contact customer proactively
0.00015802041,ChurnBinary,Contact customer proactively
0.0001721428,ChurnBinary,Contact customer proactively
0.99951303,ChurnBinary,Contact customer proactively
0.0004059405,ChurnBinary,Contact customer proactively
0.000425583,ChurnBinary,Contact customer proactively
0.99945194,ChurnBinary,Contact customer proactively
0.9990465,ChurnBinary,Contact customer proactively
0.99882513,ChurnBinary,Contact customer proactively
0.00072613836,ChurnBinary,Contact customer proactively
0.00015802041,ChurnBinary,Contact customer proactively
0.00015802041,ChurnBinary,Contact customer proactively
0.999516,ChurnBinary,Contact customer proactively
0.00017376519,ChurnBinary,Contact customer proactively
0.00015802041,ChurnBinary,Contact customer proactively
0.00015802041,ChurnBinary,Contact customer proactively
0.00037856537,ChurnBinary,Contact customer proactively
0.0001721428,ChurnBinary,Contact customer proactively
0.00015802041,ChurnBinary,Contact customer proactively
0.00039291114,ChurnBinary,Contact customer proactively
0.9981817,ChurnBinary,Contact customer proactively
0.9990132,ChurnBinary,Contact customer proactively
0.00017376519,ChurnBinary,Contact customer proactively
0.0005831695,ChurnBinary,Contact customer proactively
0.00015802041,ChurnBinary,Contact customer proactively
0.999516,ChurnBinary,Contact customer proactively
0.0004409134,ChurnBinary,Contact customer proactively
0.00059998257,ChurnBinary,Contact customer proactively
0.00026849692,ChurnBinary,Contact customer proactively
0.00030416728,ChurnBinary,Contact customer proactively
0.00018626945,ChurnBinary,Contact customer proactively
0.00015802041,ChurnBinary,Contact customer proactively
0.00019335581,ChurnBinary,Contact customer proactively
0.0007027669,ChurnBinary,Contact customer proactively
0.9994729,ChurnBinary,Contact customer proactively
0.00022224634,ChurnBinary,Contact customer proactively
0.0004513911,ChurnBinary,Contact customer proactively
0.9994789,ChurnBinary,Contact customer proactively
0.0006297301,ChurnBinary,Contact customer proactively
0.9992894,ChurnBinary,Contact customer proactively
0.00026178718,ChurnBinary,Contact customer proactively
0.00015802041,ChurnBinary,Contact customer proactively
0.00015950973,ChurnBinary,Contact customer proactively
0.00018626945,ChurnBinary,Contact customer proactively
0.00015802041,ChurnBinary,Contact customer proactively
0.00015802041,ChurnBinary,Contact customer proactively
0.99919885,ChurnBinary,Contact customer proactively
0.00018130933,ChurnBinary,Contact customer proactively
0.00015950973,ChurnBinary,Contact customer proactively
0.0004572222,ChurnBinary,Contact customer proactively
0.00025637966,ChurnBinary,Contact customer proactively
0.9994789,ChurnBinary,Contact customer proactively
0.0002901907,ChurnBinary,Contact customer proactively
0.00023373547,ChurnBinary,Contact customer proactively
0.0002473925,ChurnBinary,Contact customer proactively
0.00025726092,ChurnBinary,Contact customer proactively
0.00015802041,ChurnBinary,Contact customer proactively
0.99949694,ChurnBinary,Contact customer proactively
0.00015802041,ChurnBinary,Contact customer proactively
0.99816626,ChurnBinary,Contact customer proactively
0.99917275,ChurnBinary,Contact customer proactively
0.00044000146,ChurnBinary,Contact customer proactively
0.9990264,ChurnBinary,Contact customer proactively
0.00015802041,ChurnBinary,Contact customer proactively
0.00044277526,ChurnBinary,Contact customer proactively
0.00015802041,ChurnBinary,Contact customer proactively
0.00021412587,ChurnBinary,Contact customer proactively
0.00017758504,ChurnBinary,Contact customer proactively
0.0001721428,ChurnBinary,Contact customer proactively
0.00040931808,ChurnBinary,Contact customer proactively
0.0003448057,ChurnBinary,Contact customer proactively
0.00024416577,ChurnBinary,Contact customer proactively
0.00033641836,ChurnBinary,Contact customer proactively
0.0003989974,ChurnBinary,Contact customer proactively
0.00026606917,ChurnBinary,Contact customer proactively
0.0001721428,ChurnBinary,Contact customer proactively
0.999516,ChurnBinary,Contact customer proactively
0.00072613836,ChurnBinary,Contact customer proactively
0.00017376519,ChurnBinary,Contact customer proactively
0.99949133,ChurnBinary,Contact customer proactively
0.0006493655,ChurnBinary,Contact customer proactively
0.9992754,ChurnBinary,Contact customer proactively
0.00015950973,ChurnBinary,Contact customer proactively
0.00029259548,ChurnBinary,Contact customer proactively
0.00045905708,ChurnBinary,Contact customer proactively
0.0003046226,ChurnBinary,Contact customer proactively
0.00018268962,ChurnBinary,Contact customer proactively
0.00015802041,ChurnBinary,Contact customer proactively
0.00026066042,ChurnBinary,Contact customer proactively
0.99936146,ChurnBinary,Contact customer proactively
0.00015802041,ChurnBinary,Contact customer proactively
0.9994789,ChurnBinary,Contact customer proactively
0.99925905,ChurnBinary,Contact customer proactively
0.99941325,ChurnBinary,Contact customer proactively
0.00037908956,ChurnBinary,Contact customer proactively
0.00017738654,ChurnBinary,Contact customer proactively
0.9994789,ChurnBinary,Contact customer proactively
0.00041941053,ChurnBinary,Contact customer proactively
0.00021667457,ChurnBinary,Contact customer proactively
0.00018130933,ChurnBinary,Contact customer proactively
0.00015802041,ChurnBinary,Contact customer proactively
0.00015950973,ChurnBinary,Contact customer proactively
0.0007027669,ChurnBinary,Contact customer proactively
0.0001721428,ChurnBinary,Contact customer proactively
0.998536,ChurnBinary,Contact customer proactively
0.00031690366,ChurnBinary,Contact customer proactively
0.00015802041,ChurnBinary,Contact customer proactively
0.99917597,ChurnBinary,Contact customer proactively
0.00016677137,ChurnBinary,Contact customer proactively
0.0002117654,ChurnBinary,Contact customer proactively
0.99945956,ChurnBinary,Contact customer proactively
0.00017738654,ChurnBinary,Contact customer proactively
0.99785113,ChurnBinary,Contact customer proactively
0.00015802041,ChurnBinary,Contact customer proactively
0.00021005225,ChurnBinary,Contact customer proactively
0.00045474054,ChurnBinary,Contact customer proactively
0.00015802041,ChurnBinary,Contact customer proactively
0.9992865,ChurnBinary,Contact customer proactively
0.0004187877,ChurnBinary,Contact customer proactively
0.9992156,ChurnBinary,Contact customer proactively
0.00027179858,ChurnBinary,Contact customer proactively
0.0002901907,ChurnBinary,Contact customer proactively
0.00017376519,ChurnBinary,Contact customer proactively
0.998536,ChurnBinary,Contact customer proactively
0.00017426015,ChurnBinary,Contact customer proactively
0.0001721428,ChurnBinary,Contact customer proactively
0.00045905708,ChurnBinary,Contact customer proactively
0.000437575,ChurnBinary,Contact customer proactively
0.99923444,ChurnBinary,Contact customer proactively
0.00045930786,ChurnBinary,Contact customer proactively
0.00015802041,ChurnBinary,Contact customer proactively
0.00018130933,ChurnBinary,Contact customer proactively
0.00015802041,ChurnBinary,Contact customer proactively
0.0004125414,ChurnBinary,Contact customer proactively
0.00040541048,ChurnBinary,Contact customer proactively
0.99950564,ChurnBinary,Contact customer proactively
0.00028883218,ChurnBinary,Contact customer proactively
0.99907804,ChurnBinary,Contact customer proactively
0.9984218,ChurnBinary,Contact customer proactively
0.00026618282,ChurnBinary,Contact customer proactively
0.00028960285,ChurnBinary,Contact customer proactively
0.0002901907,ChurnBinary,Contact customer proactively
0.0001721428,ChurnBinary,Contact customer proactively
0.9993445,ChurnBinary,Contact customer proactively
0.00072613836,ChurnBinary,Contact customer proactively
0.9994789,ChurnBinary,Contact customer proactively
0.00015802041,ChurnBinary,Contact customer proactively
0.00041509036,ChurnBinary,Contact customer proactively
0.00020494984,ChurnBinary,Contact customer proactively
0.00024260057,ChurnBinary,Contact customer proactively
0.00038973094,ChurnBinary,Contact customer proactively
0.00046302774,ChurnBinary,Contact customer proactively
0.0007522108,ChurnBinary,Contact customer proactively
0.99870753,ChurnBinary,Contact customer proactively
0.00026178718,ChurnBinary,Contact customer proactively
0.00045578447,ChurnBinary,Contact customer proactively
0.0002613657,ChurnBinary,Contact customer proactively
0.9993037,ChurnBinary,Contact customer proactively
0.00015802041,ChurnBinary,Contact customer proactively
0.9991959,ChurnBinary,Contact customer proactively
0.00015802041,ChurnBinary,Contact customer proactively
0.0007216907,ChurnBinary,Contact customer proactively
0.00041068994,ChurnBinary,Contact customer proactively
0.00070010836,ChurnBinary,Contact customer proactively
0.00015802041,ChurnBinary,Contact customer proactively
0.00025726092,ChurnBinary,Contact customer proactively
0.00036936227,ChurnBinary,Contact customer proactively
0.9993262,ChurnBinary,Contact customer proactively
0.00015950973,ChurnBinary,Contact customer proactively
0.00045905708,ChurnBinary,Contact customer proactively
0.9994241,ChurnBinary,Contact customer proactively
0.99852294,ChurnBinary,Contact customer proactively
0.00027233007,ChurnBinary,Contact customer proactively
0.99873906,ChurnBinary,Contact customer proactively
0.99951303,ChurnBinary,Contact customer proactively
0.0002075767,ChurnBinary,Contact customer proactively
0.00048129816,ChurnBinary,Contact customer proactively
0.99937516,ChurnBinary,Contact customer proactively
0.00023568979,ChurnBinary,Contact customer proactively
0.00027763442,ChurnBinary,Contact customer proactively
0.00029104605,ChurnBinary,Contact customer proactively
0.00036167918,ChurnBinary,Contact customer proactively
0.00021110756,ChurnBinary,Contact customer proactively
0.0005222116,ChurnBinary,Contact customer proactively
0.9993031,ChurnBinary,Contact customer proactively
0.00022224634,ChurnBinary,Contact customer proactively
0.99825484,ChurnBinary,Contact customer proactively
0.00022259096,ChurnBinary,Contact customer proactively
0.99925023,ChurnBinary,Contact customer proactively
0.00016521425,ChurnBinary,Contact customer proactively
0.00029180513,ChurnBinary,Contact customer proactively
0.00043073384,ChurnBinary,Contact customer proactively
0.00045725142,ChurnBinary,Contact customer proactively
0.00021189748,ChurnBinary,Contact customer proactively
0.9978309,ChurnBinary,Contact customer proactively
0.00017876015,ChurnBinary,Contact customer proactively
0.00027214867,ChurnBinary,Contact customer proactively
0.00015802041,ChurnBinary,Contact customer proactively
0.00035980332,ChurnBinary,Contact customer proactively
0.0004981983,ChurnBinary,Contact customer proactively
0.00015802041,ChurnBinary,Contact customer proactively
0.0005941347,ChurnBinary,Contact customer proactively
0.00015802041,ChurnBinary,Contact customer proactively
0.999516,ChurnBinary,Contact customer proactively
0.00015802041,ChurnBinary,Contact customer proactively
0.00021756288,ChurnBinary,Contact customer proactively
0.00072613836,ChurnBinary,Contact customer proactively
0.00016103535,ChurnBinary,Contact customer proactively
0.00042188625,ChurnBinary,Contact customer proactively
0.0002560565,ChurnBinary,Contact customer proactively
0.99949694,ChurnBinary,Contact customer proactively
0.9994388,ChurnBinary,Contact customer proactively
0.99938357,ChurnBinary,Contact customer proactively
0.99923694,ChurnBinary,Contact customer proactively
0.99789137,ChurnBinary,Contact customer proactively
0.00078176084,ChurnBinary,Contact customer proactively
0.00015802041,ChurnBinary,Contact customer proactively
0.9994678,ChurnBinary,Contact customer proactively
0.00015802041,ChurnBinary,Contact customer proactively
0.00057993055,ChurnBinary,Contact customer proactively
0.00064291095,ChurnBinary,Contact customer proactively
0.9994789,ChurnBinary,Contact customer proactively
0.00025712946,ChurnBinary,Contact customer proactively
0.9994789,ChurnBinary,Contact customer proactively
0.00015950973,ChurnBinary,Contact customer proactively
0.9991696,ChurnBinary,Contact customer proactively
0.00022046105,ChurnBinary,Contact customer proactively
0.00015802041,ChurnBinary,Contact customer proactively
0.00015802041,ChurnBinary,Contact customer proactively
0.9992865,ChurnBinary,Contact customer proactively
0.00045921505,ChurnBinary,Contact customer proactively
0.00015802041,ChurnBinary,Contact customer proactively
0.00015802041,ChurnBinary,Contact customer proactively
0.00015802041,ChurnBinary,Contact customer proactively
0.0003580611,ChurnBinary,Contact customer proactively
0.00028883218,ChurnBinary,Contact customer proactively
0.00072613836,ChurnBinary,Contact customer proactively
0.00015802041,ChurnBinary,Contact customer proactively
0.00025726092,ChurnBinary,Contact customer proactively
0.0006457536,ChurnBinary,Contact customer proactively
0.00034631154,ChurnBinary,Contact customer proactively
0.00038030703,ChurnBinary,Contact customer proactively
0.99929976,ChurnBinary,Contact customer proactively
0.9992933,ChurnBinary,Contact customer proactively
0.00041627814,ChurnBinary,Contact customer proactively
0.00028519664,ChurnBinary,Contact customer proactively
0.0001721428,ChurnBinary,Contact customer proactively
0.00015802041,ChurnBinary,Contact customer proactively
0.00017926916,ChurnBinary,Contact customer proactively
0.00015802041,ChurnBinary,Contact customer proactively
0.9994789,ChurnBinary,Contact customer proactively
0.00035461664,ChurnBinary,Contact customer proactively
0.00046792,ChurnBinary,Contact customer proactively
0.00022745201,ChurnBinary,Contact customer proactively
0.00015802041,ChurnBinary,Contact customer proactively
0.99824286,ChurnBinary,Contact customer proactively
0.0004972862,ChurnBinary,Contact customer proactively
0.0005047113,ChurnBinary,Contact customer proactively
0.0007522108,ChurnBinary,Contact customer proactively
0.9991628,ChurnBinary,Contact customer proactively
0.99915874,ChurnBinary,Contact customer proactively
0.00015802041,ChurnBinary,Contact customer proactively
0.00055104215,ChurnBinary,Contact customer proactively
0.00044223806,ChurnBinary,Contact customer proactively
0.00044805353,ChurnBinary,Contact customer proactively
0.00032577824,ChurnBinary,Contact customer proactively
0.00021189748,ChurnBinary,Contact customer proactively
0.00017758504,ChurnBinary,Contact customer proactively
0.99895644,ChurnBinary,Contact customer proactively
0.00020237821,ChurnBinary,Contact customer proactively
0.99930155,ChurnBinary,Contact customer proactively
0.00015802041,ChurnBinary,Contact customer proactively
0.00017376519,ChurnBinary,Contact customer proactively
0.00043558385,ChurnBinary,Contact customer proactively
0.00017426015,ChurnBinary,Contact customer proactively
0.0004632589,ChurnBinary,Contact customer proactively
0.0001721428,ChurnBinary,Contact customer proactively
0.0003178513,ChurnBinary,Contact customer proactively
0.0002197048,ChurnBinary,Contact customer proactively
0.00017987049,ChurnBinary,Contact customer proactively
0.00032843614,ChurnBinary,Contact customer proactively
0.00029043402,ChurnBinary,Contact customer proactively
0.9990965,ChurnBinary,Contact customer proactively
0.00015802041,ChurnBinary,Contact customer proactively
0.00015802041,ChurnBinary,Contact customer proactively
0.0005374403,ChurnBinary,Contact customer proactively
0.00017925873,ChurnBinary,Contact customer proactively
0.9991109,ChurnBinary,Contact customer proactively
0.00015802041,ChurnBinary,Contact customer proactively
0.0001721428,ChurnBinary,Contact customer proactively
0.0005392041,ChurnBinary,Contact customer proactively
0.00028370478,ChurnBinary,Contact customer proactively
0.00023716017,ChurnBinary,Contact customer proactively
0.00015802041,ChurnBinary,Contact customer proactively
0.00017376519,ChurnBinary,Contact customer proactively
0.000375345,ChurnBinary,Contact customer proactively
0.0004187877,ChurnBinary,Contact customer proactively
0.9994728,ChurnBinary,Contact customer proactively
0.0002837697,ChurnBinary,Contact customer proactively
0.00034382014,ChurnBinary,Contact customer proactively
0.00019131343,ChurnBinary,Contact customer proactively
0.00024438096,ChurnBinary,Contact customer proactively
0.00020290009,ChurnBinary,Contact customer proactively
0.9993693,ChurnBinary,Contact customer proactively
0.00024197684,ChurnBinary,Contact customer proactively
0.00023586377,ChurnBinary,Contact customer proactively
0.0002075767,ChurnBinary,Contact customer proactively
0.0001721428,ChurnBinary,Contact customer proactively
0.9989003,ChurnBinary,Contact customer proactively
0.00017376519,ChurnBinary,Contact customer proactively
0.0002186755,ChurnBinary,Contact customer proactively
0.00072613836,ChurnBinary,Contact customer proactively
0.999225,ChurnBinary,Contact customer proactively
0.00017926916,ChurnBinary,Contact customer proactively
0.00022745201,ChurnBinary,Contact customer proactively
0.000221466,ChurnBinary,Contact customer proactively
0.0004043591,ChurnBinary,Contact customer proactively
0.00017426015,ChurnBinary,Contact customer proactively
0.00015802041,ChurnBinary,Contact customer proactively
0.9994382,ChurnBinary,Contact customer proactively
0.0001721428,ChurnBinary,Contact customer proactively
0.9994241,ChurnBinary,Contact customer proactively
0.00015802041,ChurnBinary,Contact customer proactively
0.00015802041,ChurnBinary,Contact customer proactively
0.9993368,ChurnBinary,Contact customer proactively
0.00015802041,ChurnBinary,Contact customer proactively
0.0002598815,ChurnBinary,Contact customer proactively
0.999371,ChurnBinary,Contact customer proactively
0.000425583,ChurnBinary,Contact customer proactively
0.9994789,ChurnBinary,Contact customer proactively
0.00045738937,ChurnBinary,Contact customer proactively
0.00021432113,ChurnBinary,Contact customer proactively
0.00015802041,ChurnBinary,Contact customer proactively
0.00022364035,ChurnBinary,Contact customer proactively
0.00029402555,ChurnBinary,Contact customer proactively
0.00027579136,ChurnBinary,Contact customer proactively
0.000465465,ChurnBinary,Contact customer proactively
0.0006493655,ChurnBinary,Contact customer proactively
0.00026040085,ChurnBinary,Contact customer proactively
0.00018323357,ChurnBinary,Contact customer proactively
0.00022109089,ChurnBinary,Contact customer proactively
0.99928975,ChurnBinary,Contact customer proactively
0.00020668244,ChurnBinary,Contact customer proactively
0.00025726092,ChurnBinary,Contact customer proactively
0.00015802041,ChurnBinary,Contact customer proactively
0.00057157985,ChurnBinary,Contact customer proactively
0.999516,ChurnBinary,Contact customer proactively
0.00046552296,ChurnBinary,Contact customer proactively
0.00049159344,ChurnBinary,Contact customer proactively
0.00015802041,ChurnBinary,Contact customer proactively
0.00021432113,ChurnBinary,Contact customer proactively
0.9994789,ChurnBinary,Contact customer proactively
0.0001721428,ChurnBinary,Contact customer proactively
0.999516,ChurnBinary,Contact customer proactively
0.00041627814,ChurnBinary,Contact customer proactively
0.0006735643,ChurnBinary,Contact customer proactively
0.9993167,ChurnBinary,Contact customer proactively
0.00050697505,ChurnBinary,Contact customer proactively
0.00025637966,ChurnBinary,Contact customer proactively
0.00016103535,ChurnBinary,Contact customer proactively
0.00043643924,ChurnBinary,Contact customer proactively
0.00017876015,ChurnBinary,Contact customer proactively
0.99760854,ChurnBinary,Contact customer proactively
0.9984225,ChurnBinary,Contact customer proactively
0.99904746,ChurnBinary,Contact customer proactively
0.00047325826,ChurnBinary,Contact customer proactively
0.00015950973,ChurnBinary,Contact customer proactively
0.0004905482,ChurnBinary,Contact customer proactively
0.00015802041,ChurnBinary,Contact customer proactively
0.0004217984,ChurnBinary,Contact customer proactively
0.0002962914,ChurnBinary,Contact customer proactively
0.00023218665,ChurnBinary,Contact customer proactively
0.999516,ChurnBinary,Contact customer proactively
0.00015802041,ChurnBinary,Contact customer proactively
0.00015802041,ChurnBinary,Contact customer proactively
0.0005047113,ChurnBinary,Contact customer proactively
0.0003805896,ChurnBinary,Contact customer proactively
0.0001721428,ChurnBinary,Contact customer proactively
0.00031971437,ChurnBinary,Contact customer proactively
0.999516,ChurnBinary,Contact customer proactively
0.9994789,ChurnBinary,Contact customer proactively
0.99949694,ChurnBinary,Contact customer proactively
0.0003498391,ChurnBinary,Contact customer proactively
0.99916995,ChurnBinary,Contact customer proactively
0.00015802041,ChurnBinary,Contact customer proactively
0.00022259096,ChurnBinary,Contact customer proactively
0.00072613836,ChurnBinary,Contact customer proactively
0.00015802041,ChurnBinary,Contact customer proactively
0.00035117735,ChurnBinary,Contact customer proactively
0.0004557586,ChurnBinary,Contact customer proactively
0.99943644,ChurnBinary,Contact customer proactively
0.00022024193,ChurnBinary,Contact customer proactively
0.00015950973,ChurnBinary,Contact customer proactively
0.0001721428,ChurnBinary,Contact customer proactively
0.00015802041,ChurnBinary,Contact customer proactively
0.00032616733,ChurnBinary,Contact customer proactively
0.9994616,ChurnBinary,Contact customer proactively
0.00015950973,ChurnBinary,Contact customer proactively
0.99871516,ChurnBinary,Contact customer proactively
0.00015802041,ChurnBinary,Contact customer proactively
0.9990081,ChurnBinary,Contact customer proactively
0.99949694,ChurnBinary,Contact customer proactively
0.9991373,ChurnBinary,Contact customer proactively
0.00051537843,ChurnBinary,Contact customer proactively
0.9978714,ChurnBinary,Contact customer proactively
0.00015802041,ChurnBinary,Contact customer proactively
0.00015802041,ChurnBinary,Contact customer proactively
0.0001721428,ChurnBinary,Contact customer proactively
0.9981635,ChurnBinary,Contact customer proactively
0.9994449,ChurnBinary,Contact customer proactively
0.0003815237,ChurnBinary,Contact customer proactively
0.99932575,ChurnBinary,Contact customer proactively
0.00052507885,ChurnBinary,Contact customer proactively
0.9992982,ChurnBinary,Contact customer proactively
0.9992229,ChurnBinary,Contact customer proactively
0.00058539404,ChurnBinary,Contact customer proactively
0.00015802041,ChurnBinary,Contact customer proactively
0.0001721428,ChurnBinary,Contact customer proactively
0.9992052,ChurnBinary,Contact customer proactively
0.00015802041,ChurnBinary,Contact customer proactively
0.99905735,ChurnBinary,Contact customer proactively
0.9994241,ChurnBinary,Contact customer proactively
0.99929976,ChurnBinary,Contact customer proactively
0.9991009,ChurnBinary,Contact customer proactively
0.00025833896,ChurnBinary,Contact customer proactively
0.00020870232,ChurnBinary,Contact customer proactively
0.9992398,ChurnBinary,Contact customer proactively
0.99949694,ChurnBinary,Contact customer proactively
0.00015802041,ChurnBinary,Contact customer proactively
0.00017426015,ChurnBinary,Contact customer proactively
0.00015802041,ChurnBinary,Contact customer proactively
0.0001721428,ChurnBinary,Contact customer proactively
0.00034277528,ChurnBinary,Contact customer proactively
0.00016724608,ChurnBinary,Contact customer proactively
0.00047888665,ChurnBinary,Contact customer proactively
0.0006258553,ChurnBinary,Contact customer proactively
0.9992555,ChurnBinary,Contact customer proactively
0.00017426015,ChurnBinary,Contact customer proactively
0.99949694,ChurnBinary,Contact customer proactively
0.00025712946,ChurnBinary,Contact customer proactively
0.00030427516,ChurnBinary,Contact customer proactively
0.9993781,ChurnBinary,Contact customer proactively
0.00027986124,ChurnBinary,Contact customer proactively
0.0002075767,ChurnBinary,Contact customer proactively
0.9990614,ChurnBinary,Contact customer proactively
0.000462245,ChurnBinary,Contact customer proactively
0.00017758504,ChurnBinary,Contact customer proactively
0.0002117654,ChurnBinary,Contact customer proactively
0.00015802041,ChurnBinary,Contact customer proactively
0.9993262,ChurnBinary,Contact customer proactively
0.0003644844,ChurnBinary,Contact customer proactively
0.9994783,ChurnBinary,Contact customer proactively
0.00017426015,ChurnBinary,Contact customer proactively
0.00058214716,ChurnBinary,Contact customer proactively
0.0004686554,ChurnBinary,Contact customer proactively
0.00057630293,ChurnBinary,Contact customer proactively
0.00025726092,ChurnBinary,Contact customer proactively
0.00015802041,ChurnBinary,Contact customer proactively
0.00024531427,ChurnBinary,Contact customer proactively
0.00021481623,ChurnBinary,Contact customer proactively
0.9994789,ChurnBinary,Contact customer proactively
0.00025726092,ChurnBinary,Contact customer proactively
0.00015802041,ChurnBinary,Contact customer proactively
0.9991959,ChurnBinary,Contact customer proactively
0.00032262286,ChurnBinary,Contact customer proactively
0.0003043088,ChurnBinary,Contact customer proactively
0.00020584698,ChurnBinary,Contact customer proactively
0.00015802041,ChurnBinary,Contact customer proactively
0.99871194,ChurnBinary,Contact customer proactively
0.0003150411,ChurnBinary,Contact customer proactively
0.00028759483,ChurnBinary,Contact customer proactively
0.00056160055,ChurnBinary,Contact customer proactively
0.00035732234,ChurnBinary,Contact customer proactively
0.00015950973,ChurnBinary,Contact customer proactively
0.9994325,ChurnBinary,Contact customer proactively
0.00029096505,ChurnBinary,Contact customer proactively
0.00054343365,ChurnBinary,Contact customer proactively
0.0003450627,ChurnBinary,Contact customer proactively
0.0006317511,ChurnBinary,Contact customer proactively
0.99936146,ChurnBinary,Contact customer proactively
0.9992575,ChurnBinary,Contact customer proactively
0.00017426015,ChurnBinary,Contact customer proactively
0.00015802041,ChurnBinary,Contact customer proactively
0.00045247324,ChurnBinary,Contact customer proactively
0.999516,ChurnBinary,Contact customer proactively
0.00071787206,ChurnBinary,Contact customer proactively
0.99936575,ChurnBinary,Contact customer proactively
0.99937576,ChurnBinary,Contact customer proactively
0.00059927936,ChurnBinary,Contact customer proactively
0.00015802041,ChurnBinary,Contact customer proactively
0.00018412678,ChurnBinary,Contact customer proactively
0.00015802041,ChurnBinary,Contact customer proactively
0.99937207,ChurnBinary,Contact customer proactively
0.00015802041,ChurnBinary,Contact customer proactively
0.00029180042,ChurnBinary,Contact customer proactively
0.00044470435,ChurnBinary,Contact customer proactively
0.999516,ChurnBinary,Contact customer proactively
0.00021012177,ChurnBinary,Contact customer proactively
0.0003679163,ChurnBinary,Contact customer proactively
0.9993736,ChurnBinary,Contact customer proactively
0.00015802041,ChurnBinary,Contact customer proactively
0.00026086555,ChurnBinary,Contact customer proactively
0.00015802041,ChurnBinary,Contact customer proactively
0.00021189748,ChurnBinary,Contact customer proactively
0.00023310384,ChurnBinary,Contact customer proactively
0.00030326413,ChurnBinary,Contact customer proactively
0.0003654231,ChurnBinary,Contact customer proactively
0.00015802041,ChurnBinary,Contact customer proactively
0.00016103535,ChurnBinary,Contact customer proactively
0.0002956562,ChurnBinary,Contact customer proactively
0.9989629,ChurnBinary,Contact customer proactively
0.00017376519,ChurnBinary,Contact customer proactively
0.00045030614,ChurnBinary,Contact customer proactively
0.99925596,ChurnBinary,Contact customer proactively
0.0002962914,ChurnBinary,Contact customer proactively
0.99951303,ChurnBinary,Contact customer proactively
0.00023310384,ChurnBinary,Contact customer proactively
0.9990128,ChurnBinary,Contact customer proactively
0.00029180042,ChurnBinary,Contact customer proactively
0.00015802041,ChurnBinary,Contact customer proactively
0.999338,ChurnBinary,Contact customer proactively
0.00024311508,ChurnBinary,Contact customer proactively
0.999516,ChurnBinary,Contact customer proactively
0.00015802041,ChurnBinary,Contact customer proactively
0.0001721428,ChurnBinary,Contact customer proactively
0.0001721428,ChurnBinary,Contact customer proactively
0.00030044388,ChurnBinary,Contact customer proactively
0.00031323518,ChurnBinary,Contact customer proactively
0.00015802041,ChurnBinary,Contact customer proactively
0.00028883218,ChurnBinary,Contact customer proactively
0.99941397,ChurnBinary,Contact customer proactively
0.00015802041,ChurnBinary,Contact customer proactively
0.0006056349,ChurnBinary,Contact customer proactively
0.9994678,ChurnBinary,Contact customer proactively
0.0004557586,ChurnBinary,Contact customer proactively
0.0002075767,ChurnBinary,Contact customer proactively
0.00015802041,ChurnBinary,Contact customer proactively
0.9994789,ChurnBinary,Contact customer proactively
0.00041320224,ChurnBinary,Contact customer proactively
0.9988098,ChurnBinary,Contact customer proactively
0.99910825,ChurnBinary,Contact customer proactively
0.00020635006,ChurnBinary,Contact customer proactively
0.00026679743,ChurnBinary,Contact customer proactively
0.00029427206,ChurnBinary,Contact customer proactively
0.00015802041,ChurnBinary,Contact customer proactively
0.00015802041,ChurnBinary,Contact customer proactively
0.00026066042,ChurnBinary,Contact customer proactively
0.9990709,ChurnBinary,Contact customer proactively
0.00072613836,ChurnBinary,Contact customer proactively
0.99944407,ChurnBinary,Contact customer proactively
0.0002117654,ChurnBinary,Contact customer proactively
0.99947566,ChurnBinary,Contact customer proactively
0.99951303,ChurnBinary,Contact customer proactively
0.00015802041,ChurnBinary,Contact customer proactively
0.00037770564,ChurnBinary,Contact customer proactively
0.99927574,ChurnBinary,Contact customer proactively
0.0003428547,ChurnBinary,Contact customer proactively
0.0004368546,ChurnBinary,Contact customer proactively
0.00027550623,ChurnBinary,Contact customer proactively
0.00019967012,ChurnBinary,Contact customer proactively
0.00015802041,ChurnBinary,Contact customer proactively
0.00072613836,ChurnBinary,Contact customer proactively
0.00049412565,ChurnBinary,Contact customer proactively
0.9993512,ChurnBinary,Contact customer proactively
0.00015802041,ChurnBinary,Contact customer proactively
0.00024506229,ChurnBinary,Contact customer proactively
0.0001721428,ChurnBinary,Contact customer proactively
0.0003318476,ChurnBinary,Contact customer proactively
0.00032333937,ChurnBinary,Contact customer proactively
0.00017426015,ChurnBinary,Contact customer proactively
0.0004522751,ChurnBinary,Contact customer proactively
0.00015802041,ChurnBinary,Contact customer proactively
0.99886,ChurnBinary,Contact customer proactively
0.00015802041,ChurnBinary,Contact customer proactively
0.00023868821,ChurnBinary,Contact customer proactively
0.00023234321,ChurnBinary,Contact customer proactively
0.0002761629,ChurnBinary,Contact customer proactively
0.99919885,ChurnBinary,Contact customer proactively
0.00025833896,ChurnBinary,Contact customer proactively
0.00016103535,ChurnBinary,Contact customer proactively
0.00036167918,ChurnBinary,Contact customer proactively
0.99893767,ChurnBinary,Contact customer proactively
0.00015802041,ChurnBinary,Contact customer proactively
0.9992182,ChurnBinary,Contact customer proactively
0.00015802041,ChurnBinary,Contact customer proactively
0.99918145,ChurnBinary,Contact customer proactively
0.00028960506,ChurnBinary,Contact customer proactively
0.00025407207,ChurnBinary,Contact customer proactively
0.00025833896,ChurnBinary,Contact customer proactively
0.0003367776,ChurnBinary,Contact customer proactively
0.999421,ChurnBinary,Contact customer proactively
0.00015802041,ChurnBinary,Contact customer proactively
0.00020290009,ChurnBinary,Contact customer proactively
0.00022924274,ChurnBinary,Contact customer proactively
0.9992663,ChurnBinary,Contact customer proactively
0.00028095304,ChurnBinary,Contact customer proactively
0.9993554,ChurnBinary,Contact customer proactively
0.9994104,ChurnBinary,Contact customer proactively
0.0001721428,ChurnBinary,Contact customer proactively
0.00015950973,ChurnBinary,Contact customer proactively
0.0002560565,ChurnBinary,Contact customer proactively
0.99924076,ChurnBinary,Contact customer proactively
0.99942124,ChurnBinary,Contact customer proactively
0.0001721428,ChurnBinary,Contact customer proactively
0.00022024193,ChurnBinary,Contact customer proactively
0.00015802041,ChurnBinary,Contact customer proactively
0.00020635006,ChurnBinary,Contact customer proactively
0.00015802041,ChurnBinary,Contact customer proactively
0.00015802041,ChurnBinary,Contact customer proactively
0.99945956,ChurnBinary,Contact customer proactively
0.9992937,ChurnBinary,Contact customer proactively
0.00015802041,ChurnBinary,Contact customer proactively
0.0005501049,ChurnBinary,Contact customer proactively
0.00015802041,ChurnBinary,Contact customer proactively
0.00029588572,ChurnBinary,Contact customer proactively
0.9991936,ChurnBinary,Contact customer proactively
0.00022259096,ChurnBinary,Contact customer proactively
0.00039568573,ChurnBinary,Contact customer proactively
0.00072613836,ChurnBinary,Contact customer proactively
0.00025726092,ChurnBinary,Contact customer proactively
0.00043643924,ChurnBinary,Contact customer proactively
0.00015950973,ChurnBinary,Contact customer proactively
0.00034607458,ChurnBinary,Contact customer proactively
0.0002490171,ChurnBinary,Contact customer proactively
0.9986965,ChurnBinary,Contact customer proactively
0.99871564,ChurnBinary,Contact customer proactively
0.0003959687,ChurnBinary,Contact customer proactively
0.00039568573,ChurnBinary,Contact customer proactively
0.00027630854,ChurnBinary,Contact customer proactively
0.99951303,ChurnBinary,Contact customer proactively
0.00015802041,ChurnBinary,Contact customer proactively
0.0003958147,ChurnBinary,Contact customer proactively
0.00044470435,ChurnBinary,Contact customer proactively
0.00015950973,ChurnBinary,Contact customer proactively
0.00031036598,ChurnBinary,Contact customer proactively
0.000241847,ChurnBinary,Contact customer proactively
0.99936336,ChurnBinary,Contact customer proactively
0.99917054,ChurnBinary,Contact customer proactively
0.00015802041,ChurnBinary,Contact customer proactively
0.00024444362,ChurnBinary,Contact customer proactively
0.99937457,ChurnBinary,Contact customer proactively
0.9987363,ChurnBinary,Contact customer proactively
0.999448,ChurnBinary,Contact customer proactively
0.00015802041,ChurnBinary,Contact customer proactively
0.00022004316,ChurnBinary,Contact customer proactively
0.00035708552,ChurnBinary,Contact customer proactively
0.0001721428,ChurnBinary,Contact customer proactively
0.00029264903,ChurnBinary,Contact customer proactively
0.99888605,ChurnBinary,Contact customer proactively
0.00045587154,ChurnBinary,Contact customer proactively
0.00017426015,ChurnBinary,Contact customer proactively
0.99916494,ChurnBinary,Contact customer proactively
0.00017426015,ChurnBinary,Contact customer proactively
0.00037770564,ChurnBinary,Contact customer proactively
0.0003072863,ChurnBinary,Contact customer proactively
0.00018412678,ChurnBinary,Contact customer proactively
0.99951303,ChurnBinary,Contact customer proactively
0.00021331098,ChurnBinary,Contact customer proactively
0.0004804495,ChurnBinary,Contact customer proactively
0.00068163505,ChurnBinary,Contact customer proactively
0.00039006694,ChurnBinary,Contact customer proactively
0.00015950973,ChurnBinary,Contact customer proactively
0.999448,ChurnBinary,Contact customer proactively
0.00015802041,ChurnBinary,Contact customer proactively
0.00018412678,ChurnBinary,Contact customer proactively
0.00015802041,ChurnBinary,Contact customer proactively
0.00016521425,ChurnBinary,Contact customer proactively
0.00021005225,ChurnBinary,Contact customer proactively
0.00015802041,ChurnBinary,Contact customer proactively
0.00031651053,ChurnBinary,Contact customer proactively
0.00015802041,ChurnBinary,Contact customer proactively
0.00015802041,ChurnBinary,Contact customer proactively
